chr,blk,chromosome,snp.name,super.var,position,allele.1,allele.2,sum_stat,Calls,Call.rate,Certain.calls,RAF,MAF,P.AA,P.AB,P.BB,z.HWE,iter
1,149,1,rs9286338,chr1_149+,148565416,G,A,0.000578714705971726,32059,0.995342916576112,1,0.98908262890296,0.0109173710970398,0.000155962444243426,0.0215228173055928,0.978321220250164,-0.609759738375202,2
1,149,1,rs58312111,chr1_149+,148547345,A,G,0.000506564212163901,32177,0.999006488869571,1,0.987459986947198,0.0125400130528017,0.000248624794107592,0.0245827765173882,0.975168598688504,-1.32364807051545,2
1,149,1,1:148549271_CT_C,chr1_149+,148549271,C,CT,0.000505871264039816,32121,0.997267844391319,1,0.987796145823605,0.0122038541763955,0.000124529124248934,0.0241586501042931,0.975716820771458,0.362833854736695,2
1,149,1,rs10158015,chr1_149+,148544983,G,A,0.000505426428742447,32209,1,1,0.986851501133224,0.0131484988667764,0.0003415194510851,0.0256139588313825,0.974044521717532,-2.33244836114521,2
5,22,5,rs189661811,chr5_22+,21476729,G,A,0.00161602473804574,31279,0.971126082771896,1,0.986988075066338,0.0130119249336616,9.5910994597014e-05,0.0258320278781291,0.974072061127274,1.01079777545213,2
1,144,1,rs11582530,chr1_144+,143670851,T,C,0.0002874773780504,32209,1,1,0.963969697910522,0.0360303020894781,0.00105560557608122,0.0699493930267937,0.928995001397125,1.25345030853845,4
1,144,1,rs148974023,chr1_144+,143767646,A,G,0.000277113737928654,32209,1,1,0.975969449532739,0.0240305504672607,6.20944456518364e-05,0.0479369120432177,0.95200099351113,3.943758065808,4
4,48,4,rs10002676,chr4_48+,47476361,T,C,0.00139729645248726,31600,0.981092241299016,1,0.967072784810127,0.0329272151898734,0.00123417721518987,0.0633860759493671,0.935379746835443,-0.837240674547083,4
4,48,4,rs76814271,chr4_48+,47581697,T,C,0.0011411324347591,32209,1,1,0.980393678785433,0.0196063212145674,0.000465708342388773,0.0382812257443572,0.961253065913254,-0.759076032706766,4
4,48,4,rs115442203,chr4_48+,47715392,G,A,0.00105964273975084,32209,1,1,0.989785463690273,0.0102145363097271,9.31416684777547e-05,0.0202427892824987,0.979664069049024,0.1987267049839,4
1,160,1,rs75276010,chr1_160+,159357634,C,T,0.00145390140670188,32012,0.993883697103294,1,0.989894414594527,0.0101055854054729,0,0.0202111708109459,0.979788829189054,1.82653924169683,6
5,23,5,rs12660009,chr5_23+,22447483,C,G,0.00198625837772418,31966,0.992455524853302,1,0.875039104048051,0.124960895951949,0.0161421510354752,0.217637489832948,0.766220359131577,-0.86157241812646,6
5,23,5,rs35857048,chr5_23+,22556156,G,T,0.00197731050931523,32067,0.99559129435872,1,0.887750647082671,0.112249352917329,0.0130352075342252,0.198428290766208,0.788536501699567,-0.782227924386353,6
5,23,5,rs7719756,chr5_23+,22489161,T,C,0.00196624028337865,32025,0.994287311000031,1,0.873911007025761,0.126088992974239,0.0163934426229508,0.219391100702576,0.764215456674473,-0.803919969999196,6
5,23,5,rs7727099,chr5_23+,22499504,G,A,0.00196506054533059,32209,1,1,0.875935297587631,0.124064702412369,0.0154925641901332,0.217144276444472,0.767363159365395,-0.165994642287893,6
5,23,5,5:22506398_TC_T,chr5_23+,22506398,T,TC,0.00195200584966922,32031,0.994473594336987,1,0.873950235709157,0.126049764290843,0.0163591520714308,0.219381224438825,0.764259623489744,-0.764569078012017,6
5,23,5,rs4320220,chr5_23+,22516890,T,C,0.00192891486607788,32025,0.994287311000031,1,0.874254488680718,0.125745511319282,0.0163934426229508,0.218704137392662,0.764902419984387,-0.946609050436948,6
5,23,5,rs13169464,chr5_23+,22485972,C,T,0.00190691788735278,32073,0.995777577695675,1,0.873974994543697,0.126025005456303,0.0164312661740405,0.219187478564525,0.764381255261435,-0.892602425757083,6
5,23,5,rs34441400,chr5_23+,22486235,C,A,0.00190691788735278,32073,0.995777577695675,1,0.873974994543697,0.126025005456303,0.0164312661740405,0.219187478564525,0.764381255261435,-0.892602425757083,6
5,23,5,rs72744877,chr5_23+,22486469,G,T,0.00190691788735278,32077,0.995901766586979,1,0.873928359884029,0.126071640115971,0.0164603921813137,0.219222495869314,0.764317111949372,-0.920610814409915,6
5,23,5,rs10040210,chr5_23+,22507308,C,T,0.00190691788735278,32084,0.99611909714676,1,0.873862361301583,0.126137638698417,0.0164568008976437,0.219361675601546,0.76418152350081,-0.887414079513426,6
5,23,5,rs66485180,chr5_23+,22430827,C,T,0.00188679180911001,31884,0.989909652581577,1,0.875815456028102,0.124184543971898,0.0160582110149291,0.216252665913938,0.767689123071133,-1.04482433650628,6
5,23,5,rs12660009,chr5_23+,22447483,C,G,0.00198625837772418,31966,0.992455524853302,1,0.875039104048051,0.124960895951949,0.0161421510354752,0.217637489832948,0.766220359131577,-0.86157241812646,6
5,23,5,rs35857048,chr5_23+,22556156,G,T,0.00197731050931523,32067,0.99559129435872,1,0.887750647082671,0.112249352917329,0.0130352075342252,0.198428290766208,0.788536501699567,-0.782227924386353,6
5,23,5,rs7719756,chr5_23+,22489161,T,C,0.00196624028337865,32025,0.994287311000031,1,0.873911007025761,0.126088992974239,0.0163934426229508,0.219391100702576,0.764215456674473,-0.803919969999196,6
5,23,5,rs7727099,chr5_23+,22499504,G,A,0.00196506054533059,32209,1,1,0.875935297587631,0.124064702412369,0.0154925641901332,0.217144276444472,0.767363159365395,-0.165994642287893,6
5,23,5,5:22506398_TC_T,chr5_23+,22506398,T,TC,0.00195200584966922,32031,0.994473594336987,1,0.873950235709157,0.126049764290843,0.0163591520714308,0.219381224438825,0.764259623489744,-0.764569078012017,6
5,23,5,rs4320220,chr5_23+,22516890,T,C,0.00192891486607788,32025,0.994287311000031,1,0.874254488680718,0.125745511319282,0.0163934426229508,0.218704137392662,0.764902419984387,-0.946609050436948,6
5,23,5,rs13169464,chr5_23+,22485972,C,T,0.00190691788735278,32073,0.995777577695675,1,0.873974994543697,0.126025005456303,0.0164312661740405,0.219187478564525,0.764381255261435,-0.892602425757083,6
5,23,5,rs34441400,chr5_23+,22486235,C,A,0.00190691788735278,32073,0.995777577695675,1,0.873974994543697,0.126025005456303,0.0164312661740405,0.219187478564525,0.764381255261435,-0.892602425757083,6
5,23,5,rs72744877,chr5_23+,22486469,G,T,0.00190691788735278,32077,0.995901766586979,1,0.873928359884029,0.126071640115971,0.0164603921813137,0.219222495869314,0.764317111949372,-0.920610814409915,6
5,23,5,rs10040210,chr5_23+,22507308,C,T,0.00190691788735278,32084,0.99611909714676,1,0.873862361301583,0.126137638698417,0.0164568008976437,0.219361675601546,0.76418152350081,-0.887414079513426,6
5,23,5,rs66485180,chr5_23+,22430827,C,T,0.00188679180911001,31884,0.989909652581577,1,0.875815456028102,0.124184543971898,0.0160582110149291,0.216252665913938,0.767689123071133,-1.04482433650628,6
1,223,1,rs75141700,chr1_223+,222398640,C,T,0.00176260780809598,32209,1,1,0.981837374646838,0.0181626253531622,0.000310472228259182,0.035704306249806,0.963985221521935,0.195329387042644,7
22,39,22,rs565047646,chr22_39+,38006356,CT,C,0.00120350313298271,31125,0.966344810456705,1,0.976771084337349,0.0232289156626506,0.000514056224899598,0.045429718875502,0.954056224899598,0.19848184241913,7
22,39,22,rs145125237,chr22_39+,38954208,T,C,0.00111451324709026,31819,0.987891583097892,1,0.988811716270153,0.0111882837298469,0.000125711053144348,0.0221251453534052,0.97774914359345,-0.00859977116125081,7
22,39,22,rs575324928,chr22_39+,38805399,T,A,0.00101379210978831,31797,0.987208544195722,1,0.98839513161619,0.0116048683838098,0.000125798031260811,0.022958140705098,0.976916061263641,0.137970942348209,7
21,11,21,rs28521368,chr21_11+,10863087,T,G,0.000435837496166494,31230,0.988635284434455,1,0.98909702209414,0.0109029779058597,0,0.0218059558117195,0.97819404418828,1.94801470004191,8
21,11,21,rs3916645,chr21_11+,10862846,A,T,0.000355121400522012,31215,0.988160435594669,1,0.989203908377383,0.0107960916226173,0,0.0215921832452347,0.978407816754765,1.92824586017981,8
8,145,8,rs557243129,chr8_145+,144094058,C,A,0.00178462645059954,31898,0.990344313701139,1,0.989372374443539,0.0106276255564612,0.000125399711580663,0.0210044516897611,0.978870148598658,-0.211528887918466,8
